{
  "stamp1": { "left": 11.5, "top": 19.95227741745283 },
  "stamp2": { "left": 64.66666666666666, "top": 23.843786851415093 },
  "stamp3": { "left": 26, "top": 42.31095224056604 },
  "stamp4": { "left": 65.16666666666666, "top": 53.277933372641506 },
  "stamp5": { "left": 13.833333333333334, "top": 75.18794221698113 }
}
